data,preco,volume,symbol
2024-10-23,66668.65,25530.2407,BTCUSDT
2024-10-24,68198.28,22589.83877,BTCUSDT
2024-10-25,66698.33,34479.71125,BTCUSDT
2024-10-26,67092.76,11842.9077,BTCUSDT
2024-10-27,68021.7,8653.19592,BTCUSDT
2024-10-28,69962.21,29046.75459,BTCUSDT
2024-10-29,72736.42,50128.60594,BTCUSDT
2024-10-30,72344.74,26885.99056,BTCUSDT
2024-10-31,70292.01,29352.10297,BTCUSDT
2024-11-01,69496.01,38301.86755,BTCUSDT
2024-11-02,69374.74,10521.67243,BTCUSDT
2024-11-03,68775.99,24995.70243,BTCUSDT
2024-11-04,67850.01,29800.39187,BTCUSDT
2024-11-05,69372.01,33355.06888,BTCUSDT
2024-11-06,75571.99,104126.994787,BTCUSDT
2024-11-07,75857.89,44869.422345,BTCUSDT
2024-11-08,76509.78,36521.099583,BTCUSDT
2024-11-09,76677.46,16942.07915,BTCUSDT
2024-11-10,80370.01,61830.100435,BTCUSDT
2024-11-11,88647.99,82323.665776,BTCUSDT
2024-11-12,87952.01,97299.887911,BTCUSDT
2024-11-13,90375.2,86763.854127,BTCUSDT
2024-11-14,87325.59,56729.51086,BTCUSDT
2024-11-15,91032.07,47927.95068,BTCUSDT
2024-11-16,90586.92,22717.87689,BTCUSDT
2024-11-17,89855.99,23867.55609,BTCUSDT
2024-11-18,90464.08,46545.03448,BTCUSDT
2024-11-19,92310.79,43660.04682,BTCUSDT
2024-11-20,94286.56,42203.198712,BTCUSDT
2024-11-21,98317.12,69228.360477,BTCUSDT
2024-11-22,98892.0,46189.309243,BTCUSDT
2024-11-23,97672.4,24757.84367,BTCUSDT
2024-11-24,97900.04,31200.97838,BTCUSDT
2024-11-25,93010.01,50847.45096,BTCUSDT
2024-11-26,91965.16,57858.73138,BTCUSDT
2024-11-27,95863.11,41153.42734,BTCUSDT
2024-11-28,95643.98,28814.54357,BTCUSDT
2024-11-29,97460.0,27701.78231,BTCUSDT
2024-11-30,96407.99,14503.83306,BTCUSDT
2024-12-01,97185.18,16938.60452,BTCUSDT
2024-12-02,95840.62,37958.66981,BTCUSDT
2024-12-03,95849.69,35827.32283,BTCUSDT
2024-12-04,98587.32,43850.53728,BTCUSDT
2024-12-05,96945.63,109921.729662,BTCUSDT
2024-12-06,99740.84,45049.5331,BTCUSDT
2024-12-07,99831.99,14931.9459,BTCUSDT
2024-12-08,101109.59,14612.99688,BTCUSDT
2024-12-09,97276.47,53949.11595,BTCUSDT
2024-12-10,96593.0,51708.68933,BTCUSDT
2024-12-11,101125.0,37753.78291,BTCUSDT
2024-12-12,100004.29,29232.08745,BTCUSDT
2024-12-13,101424.25,21904.03923,BTCUSDT
2024-12-14,101420.0,14191.70326,BTCUSDT
2024-12-15,104463.99,22228.921775,BTCUSDT
2024-12-16,106058.66,41302.40274,BTCUSDT
2024-12-17,106133.74,29064.936466,BTCUSDT
2024-12-18,100204.01,50307.99755,BTCUSDT
2024-12-19,97461.86,55147.398,BTCUSDT
2024-12-20,97805.44,62884.1357,BTCUSDT
2024-12-21,97291.99,23483.54143,BTCUSDT
2024-12-22,95186.27,19353.83036,BTCUSDT
2024-12-23,94881.47,32810.76703,BTCUSDT
2024-12-24,98663.58,23674.22488,BTCUSDT
2024-12-25,99429.6,14474.1651,BTCUSDT
2024-12-26,95791.6,21192.36727,BTCUSDT
2024-12-27,94299.03,26501.26429,BTCUSDT
2024-12-28,95300.0,8385.8929,BTCUSDT
2024-12-29,93738.2,13576.00578,BTCUSDT
2024-12-30,92792.05,27619.4225,BTCUSDT
2024-12-31,93576.0,19612.03389,BTCUSDT
2025-01-01,94591.79,10373.32613,BTCUSDT
2025-01-02,96984.79,21970.48948,BTCUSDT
2025-01-03,98174.18,15253.82936,BTCUSDT
2025-01-04,98220.5,8990.05651,BTCUSDT
2025-01-05,98363.61,8095.63723,BTCUSDT
2025-01-06,102235.6,25263.43375,BTCUSDT
2025-01-07,96954.61,32059.87537,BTCUSDT
2025-01-08,95060.61,33704.67894,BTCUSDT
2025-01-09,92552.49,34544.83685,BTCUSDT
2025-01-10,94726.11,31482.86424,BTCUSDT
2025-01-11,94599.99,7047.9043,BTCUSDT
2025-01-12,94545.06,8606.86622,BTCUSDT
2025-01-13,94536.1,42619.56423,BTCUSDT
2025-01-14,96560.86,27846.61753,BTCUSDT
2025-01-15,100497.35,30509.99179,BTCUSDT
2025-01-16,99987.3,27832.85317,BTCUSDT
2025-01-17,104077.48,39171.85292,BTCUSDT
2025-01-18,104556.23,24307.82998,BTCUSDT
2025-01-19,101331.57,43397.28298,BTCUSDT
2025-01-20,102260.01,89529.231732,BTCUSDT
2025-01-21,106143.82,45941.02002,BTCUSDT
2025-01-22,103706.66,22248.69254,BTCUSDT
2025-01-23,103910.34,53953.12031,BTCUSDT
2025-01-24,104870.5,23609.24017,BTCUSDT
2025-01-25,104746.85,9068.32377,BTCUSDT
2025-01-26,102620.0,9812.51238,BTCUSDT
2025-01-27,102082.83,50758.1341,BTCUSDT
2025-01-28,101335.52,22022.05765,BTCUSDT
2025-01-29,103733.24,23155.35802,BTCUSDT
2025-01-30,104722.94,19374.07472,BTCUSDT
2025-01-31,102429.56,21983.18193,BTCUSDT
2025-02-01,100635.65,12290.95747,BTCUSDT
2025-02-02,97700.59,34619.49939,BTCUSDT
2025-02-03,101328.52,75164.7385,BTCUSDT
2025-02-04,97763.13,40267.98697,BTCUSDT
2025-02-05,96612.43,26233.30444,BTCUSDT
2025-02-06,96554.35,23515.20405,BTCUSDT
2025-02-07,96506.8,31794.22065,BTCUSDT
2025-02-08,96444.74,10147.24294,BTCUSDT
2025-02-09,96462.75,14120.91613,BTCUSDT
2025-02-10,97430.82,20572.87537,BTCUSDT
2025-02-11,95778.2,18647.76379,BTCUSDT
2025-02-12,97869.99,29151.16625,BTCUSDT
2025-02-13,96608.14,19921.77616,BTCUSDT
2025-02-14,97500.48,18173.02646,BTCUSDT
2025-02-15,97569.66,7349.37683,BTCUSDT
2025-02-16,96118.12,8191.4249,BTCUSDT
2025-02-17,95780.0,16492.0451,BTCUSDT
2025-02-18,95671.74,23368.19471,BTCUSDT
2025-02-19,96644.37,16438.50954,BTCUSDT
2025-02-20,98305.0,17057.39177,BTCUSDT
2025-02-21,96181.98,32249.2814,BTCUSDT
2025-02-22,96551.01,11268.17708,BTCUSDT
2025-02-23,96258.0,10884.84913,BTCUSDT
2025-02-24,91552.88,31550.10299,BTCUSDT
2025-02-25,88680.4,78333.11111,BTCUSDT
2025-02-26,84250.09,56893.54409,BTCUSDT
2025-02-27,84708.58,42505.45439,BTCUSDT
2025-02-28,84349.94,83648.03969,BTCUSDT
2025-03-01,86064.53,25785.05464,BTCUSDT
2025-03-02,94270.0,54889.09045,BTCUSDT
2025-03-03,86220.61,59171.10218,BTCUSDT
2025-03-04,87281.98,55609.10706,BTCUSDT
2025-03-05,90606.01,38264.01163,BTCUSDT
2025-03-06,89931.89,34342.44902,BTCUSDT
2025-03-07,86801.75,57980.35713,BTCUSDT
2025-03-08,86222.45,12989.23054,BTCUSDT
2025-03-09,80734.37,26115.39345,BTCUSDT
2025-03-10,78595.86,47633.38405,BTCUSDT
2025-03-11,82932.99,48770.06853,BTCUSDT
2025-03-12,83680.12,31933.986,BTCUSDT
2025-03-13,81115.78,27546.27412,BTCUSDT
2025-03-14,83983.2,26858.52755,BTCUSDT
2025-03-15,84338.44,11324.7332,BTCUSDT
2025-03-16,82574.53,17596.12531,BTCUSDT
2025-03-17,84010.03,17214.74358,BTCUSDT
2025-03-18,82715.03,17610.89883,BTCUSDT
2025-03-19,86845.94,28151.05374,BTCUSDT
2025-03-20,84223.39,22090.30463,BTCUSDT
2025-03-21,84088.79,11956.97443,BTCUSDT
2025-03-22,83840.59,5420.22114,BTCUSDT
2025-03-23,86082.5,8461.97813,BTCUSDT
2025-03-24,87498.16,30115.62111,BTCUSDT
2025-03-25,87392.87,22643.25248,BTCUSDT
2025-03-26,86909.17,18408.78485,BTCUSDT
2025-03-27,87232.01,17098.03897,BTCUSDT
2025-03-28,84424.38,27182.73169,BTCUSDT
2025-03-29,82648.54,11696.39864,BTCUSDT
2025-03-30,82389.99,9864.49508,BTCUSDT
2025-03-31,82550.01,20569.13885,BTCUSDT
2025-04-01,85158.34,20190.39697,BTCUSDT
2025-04-02,82516.29,39931.457,BTCUSDT
2025-04-03,83213.09,27337.84135,BTCUSDT
2025-04-04,83889.87,32915.53976,BTCUSDT
2025-04-05,83537.99,9360.40468,BTCUSDT
2025-04-06,78430.0,27942.71436,BTCUSDT
2025-04-07,79163.24,78387.53089,BTCUSDT
2025-04-08,76322.42,35317.32063,BTCUSDT
2025-04-09,82615.22,75488.28772,BTCUSDT
2025-04-10,79607.3,33284.80718,BTCUSDT
2025-04-11,83423.84,34435.43797,BTCUSDT
2025-04-12,85276.9,18470.74437,BTCUSDT
2025-04-13,83760.0,24680.04181,BTCUSDT
2025-04-14,84591.58,28659.09348,BTCUSDT
2025-04-15,83643.99,20910.99528,BTCUSDT
2025-04-16,84030.38,20867.24519,BTCUSDT
2025-04-17,84947.91,13728.84772,BTCUSDT
2025-04-18,84474.69,6529.96315,BTCUSDT
2025-04-19,85077.01,9666.58153,BTCUSDT
2025-04-20,85179.24,8091.67725,BTCUSDT
2025-04-21,87516.23,31773.37262,BTCUSDT
2025-04-22,93442.99,43872.74705,BTCUSDT
2025-04-23,93691.08,27404.16808,BTCUSDT
2025-04-24,93980.47,19497.06071,BTCUSDT
2025-04-25,94638.68,27500.66648,BTCUSDT
2025-04-26,94628.0,9415.06875,BTCUSDT
2025-04-27,93749.3,11162.841,BTCUSDT
2025-04-28,95011.18,22157.53351,BTCUSDT
2025-04-29,94256.82,16955.3402,BTCUSDT
2025-04-30,94172.0,17661.2751,BTCUSDT
2025-05-01,96489.91,21380.45343,BTCUSDT
2025-05-02,96887.14,14905.74811,BTCUSDT
2025-05-03,95856.42,9723.34838,BTCUSDT
2025-05-04,94277.62,11036.38342,BTCUSDT
2025-05-05,94733.68,17251.18189,BTCUSDT
2025-05-06,96834.02,16122.64513,BTCUSDT
2025-05-07,97030.5,16644.83854,BTCUSDT
2025-05-08,103261.6,34962.02847,BTCUSDT
2025-05-09,102971.99,27617.39907,BTCUSDT
2025-05-10,104809.53,15324.78611,BTCUSDT
2025-05-11,104118.0,17987.12197,BTCUSDT
2025-05-12,102791.32,31272.77792,BTCUSDT
2025-05-13,104103.72,21253.42409,BTCUSDT
2025-05-14,103507.82,16452.9081,BTCUSDT
2025-05-15,103763.71,17998.98604,BTCUSDT
2025-05-16,103463.9,15683.88024,BTCUSDT
2025-05-17,103126.65,11250.89622,BTCUSDT
2025-05-18,106454.26,21599.98726,BTCUSDT
2025-05-19,105573.74,30260.03524,BTCUSDT
2025-05-20,106849.99,23705.48275,BTCUSDT
2025-05-21,109643.99,45531.040345,BTCUSDT
2025-05-22,111696.21,31630.77313,BTCUSDT
2025-05-23,107318.3,31737.72309,BTCUSDT
2025-05-24,107761.91,16782.53129,BTCUSDT
2025-05-25,109004.19,17710.04695,BTCUSDT
2025-05-26,109434.79,14649.11593,BTCUSDT
2025-05-27,108938.17,21276.65635,BTCUSDT
2025-05-28,107781.78,15633.78829,BTCUSDT
2025-05-29,105589.75,19834.70116,BTCUSDT
2025-05-30,103985.48,23706.49799,BTCUSDT
2025-05-31,104591.88,11289.35922,BTCUSDT
2025-06-01,105642.93,9709.70006,BTCUSDT
2025-06-02,105857.99,13453.98813,BTCUSDT
2025-06-03,105376.89,13259.52634,BTCUSDT
2025-06-04,104696.86,14034.89482,BTCUSDT
2025-06-05,101508.68,22321.50154,BTCUSDT
2025-06-06,104288.44,15839.07385,BTCUSDT
2025-06-07,105552.15,8344.93206,BTCUSDT
2025-06-08,105734.0,8048.06305,BTCUSDT
2025-06-09,110263.02,19975.37451,BTCUSDT
2025-06-10,110274.39,17071.82839,BTCUSDT
2025-06-11,108645.12,13115.91638,BTCUSDT
2025-06-12,105671.73,17778.67218,BTCUSDT
2025-06-13,106066.59,26180.81734,BTCUSDT
2025-06-14,105414.64,8798.93969,BTCUSDT
2025-06-15,105594.01,7164.20047,BTCUSDT
2025-06-16,106794.53,14922.6654,BTCUSDT
2025-06-17,104551.17,17866.33025,BTCUSDT
2025-06-18,104886.78,13968.64167,BTCUSDT
2025-06-19,104658.59,7678.60737,BTCUSDT
2025-06-20,103297.99,16419.06283,BTCUSDT
2025-06-21,102120.01,11154.21332,BTCUSDT
2025-06-22,100963.87,28746.41072,BTCUSDT
2025-06-23,105333.93,27666.50609,BTCUSDT
2025-06-24,106083.0,14651.69335,BTCUSDT
2025-06-25,107340.58,16701.15551,BTCUSDT
2025-06-26,106947.06,10573.27279,BTCUSDT
2025-06-27,107047.59,12232.44042,BTCUSDT
2025-06-28,107296.79,3282.17352,BTCUSDT
2025-06-29,108356.93,6831.7364,BTCUSDT
2025-06-30,107146.5,9754.12491,BTCUSDT
2025-07-01,105681.14,10505.62437,BTCUSDT
2025-07-02,108849.6,17691.89592,BTCUSDT
2025-07-03,109584.78,13047.08225,BTCUSDT
2025-07-04,107984.24,11793.86615,BTCUSDT
2025-07-05,108198.12,3736.9757,BTCUSDT
2025-07-06,109203.84,6447.607,BTCUSDT
2025-07-07,108262.94,9405.37601,BTCUSDT
2025-07-08,108922.98,9216.0208,BTCUSDT
2025-07-09,111233.99,17282.2865,BTCUSDT
2025-07-10,116010.0,24883.450665,BTCUSDT
2025-07-11,117527.66,25873.521148,BTCUSDT
2025-07-12,117420.0,8446.60437,BTCUSDT
2025-07-13,119086.64,9550.792947,BTCUSDT
2025-07-14,119841.18,27269.348877,BTCUSDT
2025-07-15,117758.09,32018.46083,BTCUSDT
2025-07-16,118630.43,17039.90851,BTCUSDT
2025-07-17,119177.56,15728.57651,BTCUSDT
2025-07-18,117924.84,19924.66266,BTCUSDT
2025-07-19,117840.0,6635.80306,BTCUSDT
2025-07-20,117265.12,12962.92889,BTCUSDT
2025-07-21,117380.36,17107.33128,BTCUSDT
2025-07-22,119954.42,20959.12973,BTCUSDT
2025-07-23,118755.99,14558.75083,BTCUSDT
2025-07-24,118340.99,15806.89043,BTCUSDT
2025-07-25,117614.31,38406.34873,BTCUSDT
2025-07-26,117919.99,6991.67206,BTCUSDT
2025-07-27,119415.55,9328.30919,BTCUSDT
2025-07-28,118062.32,13961.74754,BTCUSDT
2025-07-29,117950.76,15137.93445,BTCUSDT
2025-07-30,117840.3,15586.73631,BTCUSDT
2025-07-31,115764.08,17010.0073,BTCUSDT
2025-08-01,113297.93,24487.10206,BTCUSDT
2025-08-02,112546.35,11507.33428,BTCUSDT
2025-08-03,114208.8,7397.76046,BTCUSDT
2025-08-04,115055.03,9667.67916,BTCUSDT
2025-08-05,114129.75,12042.79078,BTCUSDT
2025-08-06,114992.27,9761.15318,BTCUSDT
2025-08-07,117472.01,13468.56263,BTCUSDT
2025-08-08,116674.74,10045.31278,BTCUSDT
2025-08-09,116462.25,9514.13144,BTCUSDT
2025-08-10,119294.01,14322.77073,BTCUSDT
2025-08-11,118686.0,26494.33429,BTCUSDT
2025-08-12,120134.08,16720.10893,BTCUSDT
2025-08-13,123306.43,23210.07102,BTCUSDT
2025-08-14,118295.09,27980.947586,BTCUSDT
2025-08-15,117342.05,13623.33874,BTCUSDT
2025-08-16,117380.66,6393.68117,BTCUSDT
2025-08-17,117405.01,5898.64192,BTCUSDT
2025-08-18,116227.05,17745.93954,BTCUSDT
2025-08-19,112872.94,18065.47424,BTCUSDT
2025-08-20,114271.24,15636.34194,BTCUSDT
2025-08-21,112500.0,10839.69235,BTCUSDT
2025-08-22,116935.99,23128.09037,BTCUSDT
2025-08-23,115438.05,11329.36197,BTCUSDT
2025-08-24,113493.59,21175.98462,BTCUSDT
2025-08-25,110111.98,25182.79379,BTCUSDT
2025-08-26,111763.22,18452.43877,BTCUSDT
2025-08-27,111262.01,13392.60875,BTCUSDT
2025-08-28,112566.9,11104.27744,BTCUSDT
2025-08-29,108377.4,22580.31045,BTCUSDT
2025-08-30,108816.33,10708.39159,BTCUSDT
2025-08-31,108246.35,9489.51596,BTCUSDT
2025-09-01,109237.42,16053.60219,BTCUSDT
2025-09-02,111240.01,18510.28756,BTCUSDT
2025-09-03,111705.71,11773.72084,BTCUSDT
2025-09-04,110730.87,12203.13536,BTCUSDT
2025-09-05,110659.99,21587.40888,BTCUSDT
2025-09-06,110187.97,5000.29897,BTCUSDT
2025-09-07,111137.34,5681.29944,BTCUSDT
2025-09-08,112065.23,11582.40211,BTCUSDT
2025-09-09,111546.39,15379.28248,BTCUSDT
2025-09-10,113960.0,17517.41823,BTCUSDT
2025-09-11,115482.69,13676.73119,BTCUSDT
2025-09-12,116029.42,15324.10719,BTCUSDT
2025-09-13,115918.29,8269.40394,BTCUSDT
2025-09-14,115268.01,6707.60197,BTCUSDT
2025-09-15,115349.71,13212.51149,BTCUSDT
2025-09-16,116788.96,10926.9094,BTCUSDT
2025-09-17,116447.59,16754.2454,BTCUSDT
2025-09-18,117073.53,11657.23365,BTCUSDT
2025-09-19,115632.38,8992.09065,BTCUSDT
2025-09-20,115685.63,4674.92752,BTCUSDT
2025-09-21,115232.29,4511.52219,BTCUSDT
2025-09-22,112650.99,20781.71356,BTCUSDT
2025-09-23,111998.8,12301.3203,BTCUSDT
2025-09-24,113307.0,12369.25967,BTCUSDT
2025-09-25,108994.49,21231.14957,BTCUSDT
2025-09-26,109643.46,14243.01591,BTCUSDT
2025-09-27,109635.85,5501.78643,BTCUSDT
2025-09-28,112163.95,7542.3316,BTCUSDT
2025-09-29,114311.96,15541.12005,BTCUSDT
2025-09-30,114048.93,15044.15633,BTCUSDT
2025-10-01,118594.99,20036.39516,BTCUSDT
2025-10-02,120529.35,19670.83503,BTCUSDT
2025-10-03,122232.0,23936.328,BTCUSDT
2025-10-04,122391.0,8208.16678,BTCUSDT
2025-10-05,123482.31,22043.097553,BTCUSDT
2025-10-06,124658.54,19494.628793,BTCUSDT
2025-10-07,121332.95,21633.99385,BTCUSDT
2025-10-08,123306.0,17012.618,BTCUSDT
2025-10-09,121662.4,21559.36007,BTCUSDT
2025-10-10,112774.5,64171.93927,BTCUSDT
2025-10-11,110644.4,35448.51652,BTCUSDT
2025-10-12,114958.8,32255.30272,BTCUSDT
2025-10-13,115166.0,22557.24033,BTCUSDT
2025-10-14,113028.14,31870.32974,BTCUSDT
2025-10-15,110763.28,22986.48811,BTCUSDT
2025-10-16,108194.28,29857.17252,BTCUSDT
2025-10-17,106431.68,37920.66838,BTCUSDT
2025-10-18,107185.01,11123.18766,BTCUSDT
2025-10-19,108642.78,15480.66423,BTCUSDT
2025-10-20,110532.09,19193.4416,BTCUSDT
2025-10-21,108297.67,37228.01659,BTCUSDT
2025-10-22,107875.31,19819.32202,BTCUSDT
2024-10-23,2524.61,352647.7086,ETHUSDT
2024-10-24,2535.82,290851.7842,ETHUSDT
2024-10-25,2440.62,514799.8822,ETHUSDT
2024-10-26,2482.51,248724.8313,ETHUSDT
2024-10-27,2507.8,137580.8836,ETHUSDT
2024-10-28,2567.48,360605.327,ETHUSDT
2024-10-29,2638.8,451915.7025,ETHUSDT
2024-10-30,2659.19,460627.126,ETHUSDT
2024-10-31,2518.61,403427.2017,ETHUSDT
2024-11-01,2511.49,430249.1073,ETHUSDT
2024-11-02,2494.23,145961.13,ETHUSDT
2024-11-03,2457.73,276009.1197,ETHUSDT
2024-11-04,2398.21,306316.9645,ETHUSDT
2024-11-05,2422.55,331619.2545,ETHUSDT
2024-11-06,2721.87,1002141.3618,ETHUSDT
2024-11-07,2895.47,730845.9524,ETHUSDT
2024-11-08,2961.75,568864.435,ETHUSDT
2024-11-09,3126.21,526719.4212,ETHUSDT
2024-11-10,3183.21,865536.7322,ETHUSDT
2024-11-11,3371.59,1000093.9664,ETHUSDT
2024-11-12,3243.8,973215.7285,ETHUSDT
2024-11-13,3187.16,919686.3747,ETHUSDT
2024-11-14,3058.82,605780.6662,ETHUSDT
2024-11-15,3090.01,519623.6317,ETHUSDT
2024-11-16,3132.87,423639.1573,ETHUSDT
2024-11-17,3076.0,449818.9575,ETHUSDT
2024-11-18,3207.8,640658.4357,ETHUSDT
2024-11-19,3107.44,500112.0194,ETHUSDT
2024-11-20,3069.97,503607.8336,ETHUSDT
2024-11-21,3355.81,974923.3035,ETHUSDT
2024-11-22,3327.78,603273.7093,ETHUSDT
2024-11-23,3393.91,721024.0009,ETHUSDT
2024-11-24,3361.2,479098.0921,ETHUSDT
2024-11-25,3414.49,949330.37,ETHUSDT
2024-11-26,3324.73,672367.1503,ETHUSDT
2024-11-27,3653.28,754573.6485,ETHUSDT
2024-11-28,3578.79,560976.425,ETHUSDT
2024-11-29,3592.21,425493.2449,ETHUSDT
2024-11-30,3703.6,503684.7485,ETHUSDT
2024-12-01,3707.61,429089.2633,ETHUSDT
2024-12-02,3643.42,737130.569,ETHUSDT
2024-12-03,3614.51,678400.2032,ETHUSDT
2024-12-04,3837.8,968744.0399,ETHUSDT
2024-12-05,3785.2,946493.276,ETHUSDT
2024-12-06,3998.87,803855.1146,ETHUSDT
2024-12-07,3996.22,283920.02,ETHUSDT
2024-12-08,4004.15,251362.1685,ETHUSDT
2024-12-09,3712.0,939642.2001,ETHUSDT
2024-12-10,3628.25,942206.0337,ETHUSDT
2024-12-11,3831.81,461818.7801,ETHUSDT
2024-12-12,3881.61,572098.6343,ETHUSDT
2024-12-13,3906.8,387765.6873,ETHUSDT
2024-12-14,3870.29,265538.9479,ETHUSDT
2024-12-15,3959.09,253833.2141,ETHUSDT
2024-12-16,3986.24,673351.0723,ETHUSDT
2024-12-17,3893.01,450825.9861,ETHUSDT
2024-12-18,3626.8,722505.0618,ETHUSDT
2024-12-19,3417.01,1078153.4851,ETHUSDT
2024-12-20,3472.21,1332783.731,ETHUSDT
2024-12-21,3338.92,475275.82,ETHUSDT
2024-12-22,3281.83,361920.2495,ETHUSDT
2024-12-23,3422.53,488253.41,ETHUSDT
2024-12-24,3493.18,315723.6763,ETHUSDT
2024-12-25,3497.0,219846.0452,ETHUSDT
2024-12-26,3335.05,310170.1719,ETHUSDT
2024-12-27,3333.51,342529.6038,ETHUSDT
2024-12-28,3404.0,175963.613,ETHUSDT
2024-12-29,3356.48,156256.8819,ETHUSDT
2024-12-30,3361.84,420794.6476,ETHUSDT
2024-12-31,3337.78,303053.1685,ETHUSDT
2025-01-01,3360.38,190238.5861,ETHUSDT
2025-01-02,3455.67,338632.8874,ETHUSDT
2025-01-03,3609.01,334041.0604,ETHUSDT
2025-01-04,3656.88,229266.3133,ETHUSDT
2025-01-05,3635.99,155444.1741,ETHUSDT
2025-01-06,3687.45,329642.3648,ETHUSDT
2025-01-07,3381.31,541543.2874,ETHUSDT
2025-01-08,3327.29,584749.9627,ETHUSDT
2025-01-09,3219.2,501818.4247,ETHUSDT
2025-01-10,3267.04,454142.1333,ETHUSDT
2025-01-11,3282.83,151679.7487,ETHUSDT
2025-01-12,3267.3,164879.9709,ETHUSDT
2025-01-13,3137.51,845907.5669,ETHUSDT
2025-01-14,3225.63,374308.4517,ETHUSDT
2025-01-15,3451.52,464188.034,ETHUSDT
2025-01-16,3308.05,471282.6787,ETHUSDT
2025-01-17,3473.63,518550.1813,ETHUSDT
2025-01-18,3307.71,634197.1281,ETHUSDT
2025-01-19,3215.12,1342301.5217,ETHUSDT
2025-01-20,3284.0,1158354.7814,ETHUSDT
2025-01-21,3327.54,548706.0513,ETHUSDT
2025-01-22,3242.6,349240.7498,ETHUSDT
2025-01-23,3338.21,605592.7225,ETHUSDT
2025-01-24,3310.09,451524.2752,ETHUSDT
2025-01-25,3318.77,208559.0415,ETHUSDT
2025-01-26,3232.61,272165.469,ETHUSDT
2025-01-27,3182.44,753004.7529,ETHUSDT
2025-01-28,3077.72,350959.7173,ETHUSDT
2025-01-29,3113.9,409737.2576,ETHUSDT
2025-01-30,3247.39,350639.4823,ETHUSDT
2025-01-31,3300.99,648681.6561,ETHUSDT
2025-02-01,3117.54,354065.2525,ETHUSDT
2025-02-02,2869.68,1050805.93,ETHUSDT
2025-02-03,2879.9,2807979.021,ETHUSDT
2025-02-04,2731.19,1259594.3919,ETHUSDT
2025-02-05,2788.25,686593.0429,ETHUSDT
2025-02-06,2686.64,719459.9571,ETHUSDT
2025-02-07,2622.1,695467.3612,ETHUSDT
2025-02-08,2632.46,379685.1509,ETHUSDT
2025-02-09,2627.18,387166.7911,ETHUSDT
2025-02-10,2661.19,398173.2716,ETHUSDT
2025-02-11,2602.59,484196.1435,ETHUSDT
2025-02-12,2738.27,646295.8959,ETHUSDT
2025-02-13,2675.87,443769.2853,ETHUSDT
2025-02-14,2725.95,419895.7862,ETHUSDT
2025-02-15,2693.04,202971.4295,ETHUSDT
2025-02-16,2661.41,191231.5314,ETHUSDT
2025-02-17,2744.05,639739.8197,ETHUSDT
2025-02-18,2671.99,604863.8737,ETHUSDT
2025-02-19,2715.5,326154.0202,ETHUSDT
2025-02-20,2738.04,336735.2544,ETHUSDT
2025-02-21,2663.0,890440.0604,ETHUSDT
2025-02-22,2763.22,444989.6669,ETHUSDT
2025-02-23,2819.69,611002.1222,ETHUSDT
2025-02-24,2513.52,876876.3707,ETHUSDT
2025-02-25,2495.7,1322016.8718,ETHUSDT
2025-02-26,2336.37,863087.2133,ETHUSDT
2025-02-27,2307.72,637583.9106,ETHUSDT
2025-02-28,2237.59,1291539.0557,ETHUSDT
2025-03-01,2217.39,446430.7271,ETHUSDT
2025-03-02,2518.11,1266684.7748,ETHUSDT
2025-03-03,2149.01,1109565.2003,ETHUSDT
2025-03-04,2171.51,1257822.3372,ETHUSDT
2025-03-05,2241.59,687130.7897,ETHUSDT
2025-03-06,2202.2,596908.3935,ETHUSDT
2025-03-07,2141.6,782387.2606,ETHUSDT
2025-03-08,2203.58,328793.0979,ETHUSDT
2025-03-09,2020.41,601671.5882,ETHUSDT
2025-03-10,1865.1,1248745.3514,ETHUSDT
2025-03-11,1923.43,1171427.9995,ETHUSDT
2025-03-12,1908.2,788739.6763,ETHUSDT
2025-03-13,1864.59,569537.2622,ETHUSDT
2025-03-14,1911.65,375805.7355,ETHUSDT
2025-03-15,1937.17,209545.8675,ETHUSDT
2025-03-16,1887.0,324766.6564,ETHUSDT
2025-03-17,1926.31,334840.4877,ETHUSDT
2025-03-18,1931.54,332896.0155,ETHUSDT
2025-03-19,2056.06,691809.5034,ETHUSDT
2025-03-20,1983.79,401518.9282,ETHUSDT
2025-03-21,1965.75,262641.659,ETHUSDT
2025-03-22,1980.69,170782.9574,ETHUSDT
2025-03-23,2005.99,268707.5233,ETHUSDT
2025-03-24,2081.2,477912.8154,ETHUSDT
2025-03-25,2066.15,328765.3292,ETHUSDT
2025-03-26,2009.52,428975.3286,ETHUSDT
2025-03-27,2003.66,360634.8383,ETHUSDT
2025-03-28,1896.9,626167.5832,ETHUSDT
2025-03-29,1828.08,409769.7555,ETHUSDT
2025-03-30,1807.74,327843.4476,ETHUSDT
2025-03-31,1822.43,497854.9052,ETHUSDT
2025-04-01,1904.98,452989.0974,ETHUSDT
2025-04-02,1795.22,750840.7823,ETHUSDT
2025-04-03,1817.23,508075.018,ETHUSDT
2025-04-04,1816.87,572734.4702,ETHUSDT
2025-04-05,1806.01,201716.2696,ETHUSDT
2025-04-06,1580.76,979847.0958,ETHUSDT
2025-04-07,1553.04,2168796.0067,ETHUSDT
2025-04-08,1473.41,891846.1327,ETHUSDT
2025-04-09,1669.51,1968530.9138,ETHUSDT
2025-04-10,1522.25,911855.3934,ETHUSDT
2025-04-11,1566.85,578484.3183,ETHUSDT
2025-04-12,1644.18,501867.9033,ETHUSDT
2025-04-13,1597.76,580136.6145,ETHUSDT
2025-04-14,1623.77,645930.1419,ETHUSDT
2025-04-15,1588.78,476178.8915,ETHUSDT
2025-04-16,1577.14,611387.8686,ETHUSDT
2025-04-17,1583.62,449870.3628,ETHUSDT
2025-04-18,1588.6,200409.0359,ETHUSDT
2025-04-19,1613.27,223096.3899,ETHUSDT
2025-04-20,1587.36,276052.2306,ETHUSDT
2025-04-21,1579.57,691486.6667,ETHUSDT
2025-04-22,1756.26,1103036.9586,ETHUSDT
2025-04-23,1795.07,887545.6316,ETHUSDT
2025-04-24,1769.65,483465.0385,ETHUSDT
2025-04-25,1784.6,595610.8894,ETHUSDT
2025-04-26,1820.88,355068.0442,ETHUSDT
2025-04-27,1791.29,340332.6435,ETHUSDT
2025-04-28,1799.88,587269.743,ETHUSDT
2025-04-29,1797.81,480456.3884,ETHUSDT
2025-04-30,1793.61,473523.9877,ETHUSDT
2025-05-01,1838.11,537198.7291,ETHUSDT
2025-05-02,1842.2,410667.875,ETHUSDT
2025-05-03,1833.52,213751.5979,ETHUSDT
2025-05-04,1808.86,238254.3564,ETHUSDT
2025-05-05,1820.19,342341.0078,ETHUSDT
2025-05-06,1817.0,384584.2451,ETHUSDT
2025-05-07,1811.11,456170.0705,ETHUSDT
2025-05-08,2207.39,1473152.686,ETHUSDT
2025-05-09,2345.04,1667041.0382,ETHUSDT
2025-05-10,2583.23,979350.1606,ETHUSDT
2025-05-11,2514.57,831584.3888,ETHUSDT
2025-05-12,2495.47,1068680.9433,ETHUSDT
2025-05-13,2679.71,1031355.6465,ETHUSDT
2025-05-14,2609.74,830047.1122,ETHUSDT
2025-05-15,2548.69,768954.0332,ETHUSDT
2025-05-16,2537.12,605953.6919,ETHUSDT
2025-05-17,2475.08,494333.2782,ETHUSDT
2025-05-18,2497.78,810103.1851,ETHUSDT
2025-05-19,2528.14,861747.523,ETHUSDT
2025-05-20,2524.19,676989.1747,ETHUSDT
2025-05-21,2550.99,1095890.2902,ETHUSDT
2025-05-22,2664.82,852555.6669,ETHUSDT
2025-05-23,2526.5,971442.4532,ETHUSDT
2025-05-24,2530.4,257544.2344,ETHUSDT
2025-05-25,2551.22,359890.0299,ETHUSDT
2025-05-26,2563.7,362971.1182,ETHUSDT
2025-05-27,2660.81,798430.8862,ETHUSDT
2025-05-28,2681.6,560095.6833,ETHUSDT
2025-05-29,2631.39,811567.2545,ETHUSDT
2025-05-30,2531.34,763045.2564,ETHUSDT
2025-05-31,2528.06,394537.2521,ETHUSDT
2025-06-01,2539.21,332021.7088,ETHUSDT
2025-06-02,2607.41,468889.9737,ETHUSDT
2025-06-03,2593.36,454383.0439,ETHUSDT
2025-06-04,2607.68,502494.8214,ETHUSDT
2025-06-05,2414.01,808938.0344,ETHUSDT
2025-06-06,2476.1,578843.4974,ETHUSDT
2025-06-07,2524.63,264787.6743,ETHUSDT
2025-06-08,2509.83,266474.7139,ETHUSDT
2025-06-09,2680.13,568726.3025,ETHUSDT
2025-06-10,2816.4,1138405.4775,ETHUSDT
2025-06-11,2771.61,850210.9324,ETHUSDT
2025-06-12,2642.65,699593.3757,ETHUSDT
2025-06-13,2579.19,1202176.2972,ETHUSDT
2025-06-14,2530.76,331438.9278,ETHUSDT
2025-06-15,2547.61,299701.6624,ETHUSDT
2025-06-16,2544.17,680429.988,ETHUSDT
2025-06-17,2509.95,715930.4081,ETHUSDT
2025-06-18,2525.0,504532.1818,ETHUSDT
2025-06-19,2521.12,252646.059,ETHUSDT
2025-06-20,2406.49,632027.8235,ETHUSDT
2025-06-21,2295.73,496783.864,ETHUSDT
2025-06-22,2227.7,840155.8295,ETHUSDT
2025-06-23,2411.66,744583.8003,ETHUSDT
2025-06-24,2448.45,516760.6621,ETHUSDT
2025-06-25,2418.49,414894.7387,ETHUSDT
2025-06-26,2415.96,463704.0261,ETHUSDT
2025-06-27,2423.17,381474.766,ETHUSDT
2025-06-28,2435.62,155814.9859,ETHUSDT
2025-06-29,2500.09,284291.8057,ETHUSDT
2025-06-30,2485.47,440455.714,ETHUSDT
2025-07-01,2405.01,351951.0868,ETHUSDT
2025-07-02,2570.41,634967.0337,ETHUSDT
2025-07-03,2591.25,504943.6592,ETHUSDT
2025-07-04,2508.04,452593.02,ETHUSDT
2025-07-05,2516.41,157198.0958,ETHUSDT
2025-07-06,2570.35,277593.6319,ETHUSDT
2025-07-07,2542.29,315707.5272,ETHUSDT
2025-07-08,2615.25,370915.7321,ETHUSDT
2025-07-09,2768.74,686119.3772,ETHUSDT
2025-07-10,2951.29,951896.07,ETHUSDT
2025-07-11,2958.22,906839.1689,ETHUSDT
2025-07-12,2943.28,348884.8877,ETHUSDT
2025-07-13,2972.03,357333.5016,ETHUSDT
2025-07-14,3013.62,815552.6496,ETHUSDT
2025-07-15,3137.89,863583.7377,ETHUSDT
2025-07-16,3371.35,1135950.5831,ETHUSDT
2025-07-17,3476.87,974065.8264,ETHUSDT
2025-07-18,3546.92,1163823.3977,ETHUSDT
2025-07-19,3592.01,381791.9213,ETHUSDT
2025-07-20,3756.69,852356.5533,ETHUSDT
2025-07-21,3762.33,812074.0534,ETHUSDT
2025-07-22,3746.21,870127.3864,ETHUSDT
2025-07-23,3628.29,800259.4025,ETHUSDT
2025-07-24,3706.94,749459.495,ETHUSDT
2025-07-25,3724.96,764606.7261,ETHUSDT
2025-07-26,3741.1,407259.7024,ETHUSDT
2025-07-27,3872.1,457352.4605,ETHUSDT
2025-07-28,3799.0,620994.7463,ETHUSDT
2025-07-29,3793.79,584210.4393,ETHUSDT
2025-07-30,3810.0,525424.9003,ETHUSDT
2025-07-31,3698.39,516088.4503,ETHUSDT
2025-08-01,3488.2,783869.1517,ETHUSDT
2025-08-02,3393.94,494195.7094,ETHUSDT
2025-08-03,3496.74,296347.6758,ETHUSDT
2025-08-04,3720.99,463349.9861,ETHUSDT
2025-08-05,3612.0,489070.9589,ETHUSDT
2025-08-06,3683.31,365309.9205,ETHUSDT
2025-08-07,3910.31,631678.9872,ETHUSDT
2025-08-08,4009.5,723300.0109,ETHUSDT
2025-08-09,4260.62,691932.1048,ETHUSDT
2025-08-10,4250.57,494843.8105,ETHUSDT
2025-08-11,4223.22,722664.04,ETHUSDT
2025-08-12,4590.52,885288.0652,ETHUSDT
2025-08-13,4749.3,925931.4988,ETHUSDT
2025-08-14,4546.84,1265449.0453,ETHUSDT
2025-08-15,4439.47,880409.2591,ETHUSDT
2025-08-16,4421.99,358676.5884,ETHUSDT
2025-08-17,4472.33,442461.3829,ETHUSDT
2025-08-18,4312.99,823188.1269,ETHUSDT
2025-08-19,4075.59,831222.7951,ETHUSDT
2025-08-20,4336.16,728324.8933,ETHUSDT
2025-08-21,4225.3,433836.3992,ETHUSDT
2025-08-22,4832.07,1277976.63526,ETHUSDT
2025-08-23,4778.4,512442.0888,ETHUSDT
2025-08-24,4780.15,780668.77842,ETHUSDT
2025-08-25,4376.18,1043917.1659,ETHUSDT
2025-08-26,4600.63,834750.2767,ETHUSDT
2025-08-27,4506.71,606669.3611,ETHUSDT
2025-08-28,4511.21,485243.4027,ETHUSDT
2025-08-29,4360.18,679063.8777,ETHUSDT
2025-08-30,4373.7,340319.1826,ETHUSDT
2025-08-31,4391.83,356586.1861,ETHUSDT
2025-09-01,4314.5,513830.0395,ETHUSDT
2025-09-02,4326.5,524605.0512,ETHUSDT
2025-09-03,4450.46,487091.6861,ETHUSDT
2025-09-04,4297.55,471795.7096,ETHUSDT
2025-09-05,4307.45,624169.8754,ETHUSDT
2025-09-06,4273.14,191166.0686,ETHUSDT
2025-09-07,4306.19,169620.8372,ETHUSDT
2025-09-08,4306.37,372882.4355,ETHUSDT
2025-09-09,4310.09,405485.7821,ETHUSDT
2025-09-10,4349.32,506633.9098,ETHUSDT
2025-09-11,4458.82,441259.6649,ETHUSDT
2025-09-12,4712.16,510777.5402,ETHUSDT
2025-09-13,4666.53,394393.6869,ETHUSDT
2025-09-14,4604.49,278244.3205,ETHUSDT
2025-09-15,4523.74,412291.9687,ETHUSDT
2025-09-16,4501.29,293307.1099,ETHUSDT
2025-09-17,4590.53,476981.4561,ETHUSDT
2025-09-18,4587.66,290660.377,ETHUSDT
2025-09-19,4468.59,331611.1482,ETHUSDT
2025-09-20,4480.42,130781.913,ETHUSDT
2025-09-21,4444.97,149349.8262,ETHUSDT
2025-09-22,4199.08,708243.2348,ETHUSDT
2025-09-23,4164.26,315227.9057,ETHUSDT
2025-09-24,4152.81,353665.5671,ETHUSDT
2025-09-25,3874.36,930327.6951,ETHUSDT
2025-09-26,4032.24,575711.0859,ETHUSDT
2025-09-27,4018.38,172693.2638,ETHUSDT
2025-09-28,4142.16,240331.8589,ETHUSDT
2025-09-29,4215.07,380728.6784,ETHUSDT
2025-09-30,4145.15,391126.6172,ETHUSDT
2025-10-01,4348.03,507026.3822,ETHUSDT
2025-10-02,4484.35,526411.1571,ETHUSDT
2025-10-03,4512.87,485684.0267,ETHUSDT
2025-10-04,4487.15,199732.7088,ETHUSDT
2025-10-05,4514.32,506587.9614,ETHUSDT
2025-10-06,4684.01,456200.6528,ETHUSDT
2025-10-07,4447.7,640685.9319,ETHUSDT
2025-10-08,4525.72,399904.3287,ETHUSDT
2025-10-09,4368.09,515978.1829,ETHUSDT
2025-10-10,3829.72,1493971.0244,ETHUSDT
2025-10-11,3746.79,789885.6582,ETHUSDT
2025-10-12,4152.29,811308.152,ETHUSDT
2025-10-13,4240.85,622813.9247,ETHUSDT
2025-10-14,4125.02,962996.7658,ETHUSDT
2025-10-15,3985.61,626081.6966,ETHUSDT
2025-10-16,3894.51,643804.6163,ETHUSDT
2025-10-17,3831.57,830127.0885,ETHUSDT
2025-10-18,3889.21,250710.6121,ETHUSDT
2025-10-19,3982.58,408538.2545,ETHUSDT
2025-10-20,3979.22,511382.3301,ETHUSDT
2025-10-21,3873.05,590594.1382,ETHUSDT
2025-10-22,3799.99,324283.6,ETHUSDT
2024-10-23,170.85,4509792.292,SOLUSDT
2024-10-24,177.19,3893052.12,SOLUSDT
2024-10-25,164.9,5718307.066,SOLUSDT
2024-10-26,170.88,3010702.796,SOLUSDT
2024-10-27,176.63,2606131.771,SOLUSDT
2024-10-28,178.29,3877330.221,SOLUSDT
2024-10-29,179.42,4046109.939,SOLUSDT
2024-10-30,174.87,2893112.751,SOLUSDT
2024-10-31,168.69,2661529.298,SOLUSDT
2024-11-01,166.1,3325662.447,SOLUSDT
2024-11-02,166.17,1603273.603,SOLUSDT
2024-11-03,162.53,2745309.829,SOLUSDT
2024-11-04,157.95,3019251.325,SOLUSDT
2024-11-05,166.62,3438156.871,SOLUSDT
2024-11-06,186.59,10385235.992,SOLUSDT
2024-11-07,196.35,4210329.82,SOLUSDT
2024-11-08,199.85,5129244.188,SOLUSDT
2024-11-09,199.89,2833304.996,SOLUSDT
2024-11-10,210.07,7968628.23,SOLUSDT
2024-11-11,222.13,8935306.968,SOLUSDT
2024-11-12,211.64,9001990.659,SOLUSDT
2024-11-13,215.13,10834052.799,SOLUSDT
2024-11-14,209.57,7458523.708,SOLUSDT
2024-11-15,218.45,5271091.924,SOLUSDT
2024-11-16,215.71,4204469.3,SOLUSDT
2024-11-17,237.47,8433424.204,SOLUSDT
2024-11-18,239.79,7485850.361,SOLUSDT
2024-11-19,237.63,5595613.402,SOLUSDT
2024-11-20,235.48,5472203.476,SOLUSDT
2024-11-21,256.37,8595939.994,SOLUSDT
2024-11-22,256.9,5155181.905,SOLUSDT
2024-11-23,254.89,4836783.227,SOLUSDT
2024-11-24,252.73,3665245.812,SOLUSDT
2024-11-25,234.18,4699636.317,SOLUSDT
2024-11-26,230.69,5012621.456,SOLUSDT
2024-11-27,241.96,3807284.297,SOLUSDT
2024-11-28,237.59,2694033.06,SOLUSDT
2024-11-29,243.33,2890806.079,SOLUSDT
2024-11-30,237.6,2279256.816,SOLUSDT
2024-12-01,236.8,2435872.954,SOLUSDT
2024-12-02,225.72,5868060.275,SOLUSDT
2024-12-03,233.92,6918604.728,SOLUSDT
2024-12-04,229.15,4966864.205,SOLUSDT
2024-12-05,235.84,7391549.993,SOLUSDT
2024-12-06,236.87,5136553.827,SOLUSDT
2024-12-07,238.14,2933621.438,SOLUSDT
2024-12-08,237.02,2222837.551,SOLUSDT
2024-12-09,216.63,7391583.708,SOLUSDT
2024-12-10,213.6,7018707.73,SOLUSDT
2024-12-11,227.29,4688484.808,SOLUSDT
2024-12-12,226.96,3559104.067,SOLUSDT
2024-12-13,224.79,2889526.771,SOLUSDT
2024-12-14,219.93,2155654.471,SOLUSDT
2024-12-15,224.27,2130908.009,SOLUSDT
2024-12-16,216.19,3863409.201,SOLUSDT
2024-12-17,223.15,5177736.748,SOLUSDT
2024-12-18,206.53,5565926.563,SOLUSDT
2024-12-19,193.81,7402649.886,SOLUSDT
2024-12-20,194.48,9793383.668,SOLUSDT
2024-12-21,181.45,5243572.617,SOLUSDT
2024-12-22,180.52,3573368.972,SOLUSDT
2024-12-23,190.11,4217664.03,SOLUSDT
2024-12-24,197.09,2709577.672,SOLUSDT
2024-12-25,197.44,1958644.487,SOLUSDT
2024-12-26,188.46,2045566.1,SOLUSDT
2024-12-27,184.22,1946509.645,SOLUSDT
2024-12-28,195.5,1494847.867,SOLUSDT
2024-12-29,189.94,1560190.019,SOLUSDT
2024-12-30,191.38,2415985.488,SOLUSDT
2024-12-31,189.31,2461978.262,SOLUSDT
2025-01-01,194.28,1655160.102,SOLUSDT
2025-01-02,208.31,3224923.982,SOLUSDT
2025-01-03,217.99,3251086.556,SOLUSDT
2025-01-04,216.67,1943711.39,SOLUSDT
2025-01-05,213.41,2101040.545,SOLUSDT
2025-01-06,218.22,2855362.858,SOLUSDT
2025-01-07,202.17,3742298.284,SOLUSDT
2025-01-08,197.48,4446830.23,SOLUSDT
2025-01-09,184.95,3607147.193,SOLUSDT
2025-01-10,187.68,3642892.082,SOLUSDT
2025-01-11,188.09,2204486.056,SOLUSDT
2025-01-12,188.51,1330917.135,SOLUSDT
2025-01-13,182.87,5669925.613,SOLUSDT
2025-01-14,187.57,2737355.064,SOLUSDT
2025-01-15,205.86,3768610.58,SOLUSDT
2025-01-16,211.14,5710255.657,SOLUSDT
2025-01-17,219.51,4384472.838,SOLUSDT
2025-01-18,261.97,19971981.58,SOLUSDT
2025-01-19,252.42,25051667.6,SOLUSDT
2025-01-20,242.19,16879575.561,SOLUSDT
2025-01-21,250.33,7882737.257,SOLUSDT
2025-01-22,257.36,6223427.616,SOLUSDT
2025-01-23,253.11,6802762.723,SOLUSDT
2025-01-24,253.37,5214294.569,SOLUSDT
2025-01-25,256.41,3703989.301,SOLUSDT
2025-01-26,240.5,3028015.524,SOLUSDT
2025-01-27,234.89,8916620.842,SOLUSDT
2025-01-28,227.06,3483450.087,SOLUSDT
2025-01-29,228.16,3844193.838,SOLUSDT
2025-01-30,238.31,3341265.973,SOLUSDT
2025-01-31,231.77,2942165.567,SOLUSDT
2025-02-01,213.03,2849748.65,SOLUSDT
2025-02-02,203.51,7255500.333,SOLUSDT
2025-02-03,216.28,12836970.265,SOLUSDT
2025-02-04,206.64,6024194.387,SOLUSDT
2025-02-05,196.12,3154802.037,SOLUSDT
2025-02-06,189.54,3444767.147,SOLUSDT
2025-02-07,191.99,3925596.773,SOLUSDT
2025-02-08,199.32,1967596.752,SOLUSDT
2025-02-09,200.47,2879138.46,SOLUSDT
2025-02-10,200.47,4040840.548,SOLUSDT
2025-02-11,197.96,3930238.335,SOLUSDT
2025-02-12,196.78,3898533.321,SOLUSDT
2025-02-13,194.25,2427771.876,SOLUSDT
2025-02-14,199.39,3727686.063,SOLUSDT
2025-02-15,194.48,1633300.399,SOLUSDT
2025-02-16,188.27,2009380.862,SOLUSDT
2025-02-17,177.53,4287573.73,SOLUSDT
2025-02-18,169.32,6319186.166,SOLUSDT
2025-02-19,168.93,3478319.262,SOLUSDT
2025-02-20,176.0,2938753.335,SOLUSDT
2025-02-21,168.94,4103682.857,SOLUSDT
2025-02-22,172.07,1886813.457,SOLUSDT
2025-02-23,167.94,1488310.759,SOLUSDT
2025-02-24,141.81,7997237.915,SOLUSDT
2025-02-25,144.33,11747010.145,SOLUSDT
2025-02-26,135.32,5368401.059,SOLUSDT
2025-02-27,137.68,4322990.459,SOLUSDT
2025-02-28,148.18,10039960.613,SOLUSDT
2025-03-01,143.66,4151855.758,SOLUSDT
2025-03-02,178.71,13474639.846,SOLUSDT
2025-03-03,142.16,11096202.04,SOLUSDT
2025-03-04,144.79,10389598.334,SOLUSDT
2025-03-05,146.28,4895520.585,SOLUSDT
2025-03-06,143.31,4451879.661,SOLUSDT
2025-03-07,139.39,7267412.771,SOLUSDT
2025-03-08,137.01,2135751.393,SOLUSDT
2025-03-09,126.51,3909495.652,SOLUSDT
2025-03-10,118.32,6654109.331,SOLUSDT
2025-03-11,125.35,6435277.863,SOLUSDT
2025-03-12,126.62,4410502.14,SOLUSDT
2025-03-13,123.37,2824584.961,SOLUSDT
2025-03-14,133.54,3607725.492,SOLUSDT
2025-03-15,135.86,1918077.49,SOLUSDT
2025-03-16,126.13,2764260.892,SOLUSDT
2025-03-17,128.01,2707611.094,SOLUSDT
2025-03-18,125.33,3181789.699,SOLUSDT
2025-03-19,135.33,4170497.991,SOLUSDT
2025-03-20,127.6,2593287.986,SOLUSDT
2025-03-21,128.48,2400422.348,SOLUSDT
2025-03-22,128.51,1498168.196,SOLUSDT
2025-03-23,132.84,1763485.986,SOLUSDT
2025-03-24,141.01,4554131.645,SOLUSDT
2025-03-25,143.64,3529958.67,SOLUSDT
2025-03-26,137.34,3099523.287,SOLUSDT
2025-03-27,138.43,2466162.683,SOLUSDT
2025-03-28,129.49,3892191.365,SOLUSDT
2025-03-29,124.58,2610065.515,SOLUSDT
2025-03-30,124.82,1743775.296,SOLUSDT
2025-03-31,124.54,3730628.853,SOLUSDT
2025-04-01,126.67,3554277.848,SOLUSDT
2025-04-02,117.42,6288908.68,SOLUSDT
2025-04-03,117.17,5854867.278,SOLUSDT
2025-04-04,122.79,5721072.32,SOLUSDT
2025-04-05,120.32,1784381.3,SOLUSDT
2025-04-06,105.91,4934346.985,SOLUSDT
2025-04-07,106.99,12630664.993,SOLUSDT
2025-04-08,105.4,5839129.782,SOLUSDT
2025-04-09,119.05,9334586.139,SOLUSDT
2025-04-10,112.81,5566324.629,SOLUSDT
2025-04-11,121.41,4344066.889,SOLUSDT
2025-04-12,132.24,4620265.855,SOLUSDT
2025-04-13,128.38,4054370.603,SOLUSDT
2025-04-14,129.42,4150251.45,SOLUSDT
2025-04-15,126.11,3431482.497,SOLUSDT
2025-04-16,131.33,5320768.994,SOLUSDT
2025-04-17,134.83,3817459.718,SOLUSDT
2025-04-18,134.04,2556341.874,SOLUSDT
2025-04-19,139.87,2816038.068,SOLUSDT
2025-04-20,137.86,3498098.615,SOLUSDT
2025-04-21,136.56,4657400.503,SOLUSDT
2025-04-22,148.79,5078409.536,SOLUSDT
2025-04-23,151.1,4801378.47,SOLUSDT
2025-04-24,152.55,3535860.484,SOLUSDT
2025-04-25,150.82,4226767.973,SOLUSDT
2025-04-26,149.21,1766805.88,SOLUSDT
2025-04-27,147.98,1599977.891,SOLUSDT
2025-04-28,147.84,3507950.445,SOLUSDT
2025-04-29,146.31,2498992.492,SOLUSDT
2025-04-30,147.54,2780816.363,SOLUSDT
2025-05-01,150.85,3037281.454,SOLUSDT
2025-05-02,148.05,2216263.073,SOLUSDT
2025-05-03,146.71,1406583.56,SOLUSDT
2025-05-04,143.95,1613358.553,SOLUSDT
2025-05-05,146.72,2030995.801,SOLUSDT
2025-05-06,146.88,2352310.935,SOLUSDT
2025-05-07,147.32,2440566.284,SOLUSDT
2025-05-08,164.46,6040622.618,SOLUSDT
2025-05-09,172.78,6318574.649,SOLUSDT
2025-05-10,177.89,3339701.179,SOLUSDT
2025-05-11,173.19,3210729.52,SOLUSDT
2025-05-12,174.22,6245732.977,SOLUSDT
2025-05-13,183.75,4587043.398,SOLUSDT
2025-05-14,176.64,3619155.253,SOLUSDT
2025-05-15,169.16,3546037.724,SOLUSDT
2025-05-16,167.4,2766386.671,SOLUSDT
2025-05-17,165.94,2262121.706,SOLUSDT
2025-05-18,173.3,3194610.936,SOLUSDT
2025-05-19,166.86,4076352.744,SOLUSDT
2025-05-20,168.59,3135420.426,SOLUSDT
2025-05-21,173.53,4400610.4,SOLUSDT
2025-05-22,179.68,3608222.862,SOLUSDT
2025-05-23,174.01,6112910.776,SOLUSDT
2025-05-24,175.87,2317965.021,SOLUSDT
2025-05-25,175.74,2530363.859,SOLUSDT
2025-05-26,174.91,2214724.796,SOLUSDT
2025-05-27,176.71,2568509.368,SOLUSDT
2025-05-28,172.21,2534660.877,SOLUSDT
2025-05-29,166.71,2641789.968,SOLUSDT
2025-05-30,156.2,3770279.512,SOLUSDT
2025-05-31,156.45,2352257.752,SOLUSDT
2025-06-01,157.68,2042131.041,SOLUSDT
2025-06-02,156.83,2502052.191,SOLUSDT
2025-06-03,155.19,2849585.145,SOLUSDT
2025-06-04,153.26,1990646.424,SOLUSDT
2025-06-05,144.29,4258041.075,SOLUSDT
2025-06-06,147.83,2167791.114,SOLUSDT
2025-06-07,150.06,1408204.615,SOLUSDT
2025-06-08,152.45,1564000.366,SOLUSDT
2025-06-09,161.16,3079728.265,SOLUSDT
2025-06-10,165.12,3589559.163,SOLUSDT
2025-06-11,160.97,4019424.999,SOLUSDT
2025-06-12,152.32,2883476.685,SOLUSDT
2025-06-13,148.6,5339782.783,SOLUSDT
2025-06-14,144.64,1679994.751,SOLUSDT
2025-06-15,152.97,2831999.616,SOLUSDT
2025-06-16,150.72,3573196.785,SOLUSDT
2025-06-17,147.57,3395648.859,SOLUSDT
2025-06-18,146.34,2800908.98,SOLUSDT
2025-06-19,147.04,2285335.729,SOLUSDT
2025-06-20,140.11,3393327.209,SOLUSDT
2025-06-21,135.43,2826424.143,SOLUSDT
2025-06-22,131.71,4252120.023,SOLUSDT
2025-06-23,144.51,4573147.667,SOLUSDT
2025-06-24,145.92,2741809.086,SOLUSDT
2025-06-25,143.57,2233601.909,SOLUSDT
2025-06-26,139.06,2522507.942,SOLUSDT
2025-06-27,142.09,2471847.15,SOLUSDT
2025-06-28,150.72,2657836.682,SOLUSDT
2025-06-29,153.32,2150026.172,SOLUSDT
2025-06-30,154.81,3871390.335,SOLUSDT
2025-07-01,146.88,2770862.174,SOLUSDT
2025-07-02,152.27,2652574.279,SOLUSDT
2025-07-03,152.36,2686218.205,SOLUSDT
2025-07-04,147.7,2308086.736,SOLUSDT
2025-07-05,147.55,1173963.86,SOLUSDT
2025-07-06,151.86,2486859.718,SOLUSDT
2025-07-07,148.88,2174727.723,SOLUSDT
2025-07-08,151.67,2712869.323,SOLUSDT
2025-07-09,157.05,2907219.748,SOLUSDT
2025-07-10,164.34,3428382.349,SOLUSDT
2025-07-11,162.93,4354179.713,SOLUSDT
2025-07-12,160.69,2043211.942,SOLUSDT
2025-07-13,161.15,1929745.851,SOLUSDT
2025-07-14,162.21,3973706.533,SOLUSDT
2025-07-15,163.98,3665295.753,SOLUSDT
2025-07-16,173.63,5020288.123,SOLUSDT
2025-07-17,175.87,4491555.727,SOLUSDT
2025-07-18,177.28,5191853.168,SOLUSDT
2025-07-19,176.96,2059315.008,SOLUSDT
2025-07-20,181.43,3694854.915,SOLUSDT
2025-07-21,195.72,6495907.179,SOLUSDT
2025-07-22,205.7,8635627.173,SOLUSDT
2025-07-23,189.4,5548137.499,SOLUSDT
2025-07-24,182.87,5217064.871,SOLUSDT
2025-07-25,186.76,4481310.44,SOLUSDT
2025-07-26,184.88,1773453.875,SOLUSDT
2025-07-27,188.64,2233060.133,SOLUSDT
2025-07-28,183.11,4067872.127,SOLUSDT
2025-07-29,181.48,2541912.036,SOLUSDT
2025-07-30,177.77,3297250.187,SOLUSDT
2025-07-31,172.22,2624841.783,SOLUSDT
2025-08-01,162.71,4317529.315,SOLUSDT
2025-08-02,158.48,2208175.075,SOLUSDT
2025-08-03,161.97,2297909.311,SOLUSDT
2025-08-04,169.55,2688954.158,SOLUSDT
2025-08-05,164.09,2554958.009,SOLUSDT
2025-08-06,168.09,1797491.429,SOLUSDT
2025-08-07,175.36,3014662.995,SOLUSDT
2025-08-08,176.78,3678790.655,SOLUSDT
2025-08-09,179.95,3325504.387,SOLUSDT
2025-08-10,182.66,4197287.287,SOLUSDT
2025-08-11,174.84,3960743.531,SOLUSDT
2025-08-12,191.78,5074348.157,SOLUSDT
2025-08-13,201.51,7148726.279,SOLUSDT
2025-08-14,192.47,8965607.314,SOLUSDT
2025-08-15,185.72,4360287.396,SOLUSDT
2025-08-16,189.6,2099818.448,SOLUSDT
2025-08-17,190.99,2261555.556,SOLUSDT
2025-08-18,182.94,3374074.697,SOLUSDT
2025-08-19,176.22,3260089.959,SOLUSDT
2025-08-20,187.94,3464957.674,SOLUSDT
2025-08-21,180.29,2914511.603,SOLUSDT
2025-08-22,200.69,6594118.389,SOLUSDT
2025-08-23,204.14,4788640.759,SOLUSDT
2025-08-24,205.98,7165649.238,SOLUSDT
2025-08-25,187.2,7953100.753,SOLUSDT
2025-08-26,195.86,4734419.522,SOLUSDT
2025-08-27,202.95,7835140.154,SOLUSDT
2025-08-28,214.43,7247306.546,SOLUSDT
2025-08-29,205.08,8607486.597,SOLUSDT
2025-08-30,202.7,3894576.115,SOLUSDT
2025-08-31,200.62,3303223.948,SOLUSDT
2025-09-01,197.32,4464767.773,SOLUSDT
2025-09-02,209.65,4894637.549,SOLUSDT
2025-09-03,210.77,4063191.683,SOLUSDT
2025-09-04,202.32,2726779.277,SOLUSDT
2025-09-05,203.36,4121395.255,SOLUSDT
2025-09-06,200.16,1481500.997,SOLUSDT
2025-09-07,206.35,2217510.763,SOLUSDT
2025-09-08,214.11,5729678.935,SOLUSDT
2025-09-09,217.21,4979304.713,SOLUSDT
2025-09-10,224.07,4824185.212,SOLUSDT
2025-09-11,228.73,4352357.001,SOLUSDT
2025-09-12,242.18,5891653.931,SOLUSDT
2025-09-13,242.38,3305661.265,SOLUSDT
2025-09-14,239.76,4165171.128,SOLUSDT
2025-09-15,234.31,4733589.619,SOLUSDT
2025-09-16,236.96,3181627.06,SOLUSDT
2025-09-17,244.84,4771529.493,SOLUSDT
2025-09-18,247.5,3916890.908,SOLUSDT
2025-09-19,238.53,3384985.698,SOLUSDT
2025-09-20,239.48,1550489.215,SOLUSDT
2025-09-21,236.16,1392437.976,SOLUSDT
2025-09-22,220.38,5836593.703,SOLUSDT
2025-09-23,213.3,3448908.468,SOLUSDT
2025-09-24,211.6,4427457.526,SOLUSDT
2025-09-25,192.74,6761257.291,SOLUSDT
2025-09-26,205.17,5623202.874,SOLUSDT
2025-09-27,203.46,2104933.415,SOLUSDT
2025-09-28,210.83,2194260.074,SOLUSDT
2025-09-29,212.75,3213098.851,SOLUSDT
2025-09-30,208.68,3264781.485,SOLUSDT
2025-10-01,222.04,4050260.921,SOLUSDT
2025-10-02,234.74,4590696.388,SOLUSDT
2025-10-03,232.84,4216611.614,SOLUSDT
2025-10-04,227.86,1841410.605,SOLUSDT
2025-10-05,228.56,3099633.526,SOLUSDT
2025-10-06,232.35,2981928.375,SOLUSDT
2025-10-07,219.97,4401045.757,SOLUSDT
2025-10-08,229.02,3103760.645,SOLUSDT
2025-10-09,220.93,3272953.431,SOLUSDT
2025-10-10,188.43,9622835.429,SOLUSDT
2025-10-11,177.62,7292387.248,SOLUSDT
2025-10-12,197.0,6486999.721,SOLUSDT
2025-10-13,208.69,6253161.511,SOLUSDT
2025-10-14,202.44,7349167.875,SOLUSDT
2025-10-15,193.84,5369155.439,SOLUSDT
2025-10-16,184.85,5404640.663,SOLUSDT
2025-10-17,181.96,6102908.877,SOLUSDT
2025-10-18,187.56,2105841.095,SOLUSDT
2025-10-19,187.86,2483964.6,SOLUSDT
2025-10-20,189.71,3178001.499,SOLUSDT
2025-10-21,185.63,4651082.621,SOLUSDT
2025-10-22,182.59,2385496.193,SOLUSDT